{
  "project_info": {
    "project_number": "574888652178",
    "firebase_url": "https://road-side-assistance-70c2d-default-rtdb.asia-southeast1.firebasedatabase.app",
    "project_id": "road-side-assistance-70c2d",
    "storage_bucket": "road-side-assistance-70c2d.appspot.com"
  },
  "client": [
    {
      "client_info": {
        "mobilesdk_app_id": "1:574888652178:android:1ed81113c9af6dcd3fe54b",
        "android_client_info": {
          "package_name": "com.brainybeam.roadsideassistance"
        }
      },
      "oauth_client": [],
      "api_key": [
        {
          "current_key": "AIzaSyBPk9643HJpLdUkHV35ae0iGEzpI-NtmTg"
        }
      ],
      "services": {
        "appinvite_service": {
          "other_platform_oauth_client": []
        }
      }
    }
  ],
  "configuration_version": "1"
}